Unix;Date;Symbol;Open;High;Low;Close;Volume 1INCH;Volume BUSD;tradecount
1,70E+12;06.10.2023;1INCHBUSD;0.2513;0.2532;0.2511;0.2519;12819.4;3234.23524;45
1,70E+12;05.10.2023;1INCHBUSD;0.2556;0.257;0.2495;0.2501;131649.8;33272.96502;378
1,70E+12;04.10.2023;1INCHBUSD;0.256;0.2576;0.2483;0.256;194466.8;49498.46774;574
1,70E+12;03.10.2023;1INCHBUSD;0.269;0.2717;0.258;0.259;75406.5;19932.05344;231
1,70E+12;02.10.2023;1INCHBUSD;0.2756;0.2812;0.2624;0.2679;141003.3;38721.21481;406
1,70E+12;01.10.2023;1INCHBUSD;0.2699;0.279;0.2673;0.2763;138337.2;37758.03773;322
1,70E+12;30.09.2023;1INCHBUSD;0.2671;0.2709;0.2647;0.2699;88578.6;23722.97371;237
1,70E+12;29.09.2023;1INCHBUSD;0.269;0.2695;0.2603;0.2666;72541.4;19248.43749;249
1,70E+12;28.09.2023;1INCHBUSD;0.2622;0.2695;0.2603;0.2695;121443.2;32226.91284;336
1,70E+12;27.09.2023;1INCHBUSD;0.2672;0.2715;0.2555;0.2613;317156.6;82915.82492;524
1,70E+12;26.09.2023;1INCHBUSD;0.2638;0.2699;0.2615;0.2664;61541.7;16293.74016;240
1,70E+12;25.09.2023;1INCHBUSD;0.2548;0.2648;0.2518;0.2647;104652.6;27245.80659;305
1,70E+12;24.09.2023;1INCHBUSD;0.2632;0.2632;0.2539;0.2548;98225.6;25434.45815;218
1,70E+12;23.09.2023;1INCHBUSD;0.2627;0.2684;0.2574;0.2624;123176.4;32188.11856;268
1,70E+12;22.09.2023;1INCHBUSD;0.2582;0.2635;0.2543;0.2622;293731.4;76312.42979;480
1,70E+12;21.09.2023;1INCHBUSD;0.2518;0.281;0.2518;0.2586;1402393.2;375730.46879;3496
1,70E+12;20.09.2023;1INCHBUSD;0.2516;0.2529;0.2479;0.2514;90577.1;22675.27796;294
1,70E+12;19.09.2023;1INCHBUSD;0.2489;0.2555;0.2475;0.2517;88819.5;22373.68931;293
1,70E+12;18.09.2023;1INCHBUSD;0.2473;0.2563;0.2439;0.2492;88773.7;22358.14384;688
1,69E+12;17.09.2023;1INCHBUSD;0.2562;0.2562;0.244;0.2475;128032.1;32079.04412;657
1,69E+12;16.09.2023;1INCHBUSD;0.2555;0.26;0.252;0.2566;141813.2;36370.05701;631
1,69E+12;15.09.2023;1INCHBUSD;0.2447;0.256;0.243;0.2551;172760.0;42942.76589;420
1,69E+12;14.09.2023;1INCHBUSD;0.2344;0.2447;0.2324;0.2444;108910.4;25878.78325;249
1,69E+12;13.09.2023;1INCHBUSD;0.2289;0.2359;0.2273;0.2344;100986.9;23560.96632;253
1,69E+12;12.09.2023;1INCHBUSD;0.2241;0.2354;0.2238;0.228;118846.4;27349.60161;423
1,69E+12;11.09.2023;1INCHBUSD;0.2396;0.2396;0.2199;0.2239;174892.4;39943.75017;623
1,69E+12;10.09.2023;1INCHBUSD;0.2446;0.2446;0.2329;0.2394;130428.5;31322.51291;469
1,69E+12;09.09.2023;1INCHBUSD;0.245;0.2474;0.2445;0.2457;46241.5;11387.0904;246
1,69E+12;08.09.2023;1INCHBUSD;0.2483;0.2488;0.2419;0.2454;87432.7;21463.52959;401
1,69E+12;07.09.2023;1INCHBUSD;0.2465;0.2482;0.242;0.2478;199328.8;48874.32802;628
1,69E+12;06.09.2023;1INCHBUSD;0.2445;0.2498;0.2396;0.2468;216423.7;53023.51393;580
1,69E+12;05.09.2023;1INCHBUSD;0.2361;0.2446;0.2344;0.2444;209500.7;50476.77256;487
1,69E+12;04.09.2023;1INCHBUSD;0.2348;0.239;0.2329;0.236;120664.6;28499.32962;317
1,69E+12;03.09.2023;1INCHBUSD;0.2343;0.2368;0.2315;0.2349;139951.3;32849.00666;265
1,69E+12;02.09.2023;1INCHBUSD;0.2348;0.2359;0.231;0.234;109248.4;25553.33284;317
1,69E+12;01.09.2023;1INCHBUSD;0.2444;0.2453;0.2329;0.2352;106470.4;25363.41157;340
1,69E+12;31.08.2023;1INCHBUSD;0.2556;0.2572;0.2414;0.245;171862.8;42646.99102;345
1,69E+12;30.08.2023;1INCHBUSD;0.2596;0.2596;0.2534;0.2569;189636.2;48679.38095;399
1,69E+12;29.08.2023;1INCHBUSD;0.2486;0.2633;0.2402;0.2585;214869.3;54075.18832;626
1,69E+12;28.08.2023;1INCHBUSD;0.248;0.2545;0.2383;0.2485;375152.8;93460.87066;538
1,69E+12;27.08.2023;1INCHBUSD;0.2421;0.248;0.2409;0.248;105390.6;25759.88428;239
1,69E+12;26.08.2023;1INCHBUSD;0.2469;0.2493;0.2419;0.2423;205961.6;50698.59048;390
1,69E+12;25.08.2023;1INCHBUSD;0.2508;0.2508;0.2408;0.2458;225869.0;55365.10119;433
1,69E+12;24.08.2023;1INCHBUSD;0.2513;0.2538;0.2465;0.2512;141972.8;35524.92309;339
1,69E+12;23.08.2023;1INCHBUSD;0.245;0.2545;0.2435;0.2521;177326.4;44101.69711;382
1,69E+12;22.08.2023;1INCHBUSD;0.2439;0.2463;0.2339;0.2445;157550.0;37871.55979;329
1,69E+12;21.08.2023;1INCHBUSD;0.2505;0.2505;0.238;0.2443;203675.9;49889.15759;445
1,69E+12;20.08.2023;1INCHBUSD;0.2485;0.2515;0.2464;0.2503;215946.3;53906.37789;352
1,69E+12;19.08.2023;1INCHBUSD;0.242;0.2504;0.2406;0.2491;326537.7;79782.60036;612
1,69E+12;18.08.2023;1INCHBUSD;0.2349;0.2447;0.232;0.242;595205.1;142580.0323;1478
1,69E+12;17.08.2023;1INCHBUSD;0.2638;0.2706;0.2005;0.2356;885327.9;216600.40764;2308
1,69E+12;16.08.2023;1INCHBUSD;0.2853;0.287;0.2575;0.265;710215.8;192859.94022;1499
1,69E+12;15.08.2023;1INCHBUSD;0.3096;0.3101;0.2649;0.2864;472021.3;137276.35871;1453
1,69E+12;14.08.2023;1INCHBUSD;0.3073;0.3134;0.3034;0.3101;367281.3;113322.63095;861
1,69E+12;13.08.2023;1INCHBUSD;0.3057;0.3119;0.305;0.3074;208848.0;64223.18166;319
1,69E+12;12.08.2023;1INCHBUSD;0.3078;0.3092;0.304;0.3058;117566.0;35967.83013;287
1,69E+12;11.08.2023;1INCHBUSD;0.3075;0.3103;0.3057;0.3073;311865.5;96105.00868;440
1,69E+12;10.08.2023;1INCHBUSD;0.3063;0.3091;0.3049;0.307;108554.0;33233.36265;269
1,69E+12;09.08.2023;1INCHBUSD;0.3066;0.3086;0.3023;0.3064;145936.2;44564.65524;395
1,69E+12;08.08.2023;1INCHBUSD;0.3042;0.3088;0.3009;0.3066;163822.7;49934.66297;823
1,69E+12;07.08.2023;1INCHBUSD;0.305;0.3093;0.2933;0.3045;715618.6;216860.79139;1804
1,69E+12;06.08.2023;1INCHBUSD;0.3051;0.3106;0.3028;0.3045;674088.1;206606.50724;1289
1,69E+12;05.08.2023;1INCHBUSD;0.3042;0.3055;0.3011;0.3052;122215.7;36982.15956;320
1,69E+12;04.08.2023;1INCHBUSD;0.311;0.3145;0.3;0.3053;240115.2;73550.53174;564
1,69E+12;03.08.2023;1INCHBUSD;0.3149;0.3208;0.309;0.3119;234767.5;73632.31072;576
1,69E+12;02.08.2023;1INCHBUSD;0.3208;0.3214;0.3092;0.3149;313879.2;98842.09277;821
1,69E+12;01.08.2023;1INCHBUSD;0.314;0.3207;0.3004;0.3207;659007.5;206327.23962;1575
1,69E+12;31.07.2023;1INCHBUSD;0.3118;0.3186;0.3075;0.3143;496249.7;155824.23619;972
1,69E+12;30.07.2023;1INCHBUSD;0.3155;0.3233;0.3024;0.3123;783809.2;247631.03128;2105
1,69E+12;29.07.2023;1INCHBUSD;0.3096;0.3162;0.3085;0.316;475974.0;148511.09771;788
1,69E+12;28.07.2023;1INCHBUSD;0.305;0.3112;0.3022;0.3096;470851.9;144884.5139;531
1,69E+12;27.07.2023;1INCHBUSD;0.304;0.313;0.3014;0.3041;737173.0;226353.84275;2016
1,69E+12;26.07.2023;1INCHBUSD;0.3026;0.3091;0.2975;0.304;927749.3;281119.28999;2372
1,69E+12;25.07.2023;1INCHBUSD;0.3043;0.3071;0.301;0.3027;2105791.1;640019.12434;2624
1,69E+12;24.07.2023;1INCHBUSD;0.3271;0.3281;0.278;0.3043;5189115.4;1603997.04242;4236
1,69E+12;23.07.2023;1INCHBUSD;0.3281;0.3314;0.3239;0.3272;3850788.0;1261323.80412;2941
1,69E+12;22.07.2023;1INCHBUSD;0.3362;0.3379;0.3253;0.3279;4440246.9;1480357.96315;3947
1,69E+12;21.07.2023;1INCHBUSD;0.3288;0.3458;0.3232;0.3353;5237407.4;1748230.99108;6490
1,69E+12;20.07.2023;1INCHBUSD;0.3362;0.3429;0.3173;0.3288;7971872.1;2638743.43256;10324
1,69E+12;19.07.2023;1INCHBUSD;0.3597;0.368;0.3333;0.336;4166178.1;1436428.94632;8572
1,69E+12;18.07.2023;1INCHBUSD;0.4043;0.4044;0.3511;0.3598;4034391.5;1507971.46845;7728
1,69E+12;17.07.2023;1INCHBUSD;0.4323;0.5924;0.3913;0.4035;20545126.5;10105735.46898;57373
1,69E+12;16.07.2023;1INCHBUSD;0.371;0.4495;0.3623;0.4326;8336636.5;3444396.56666;21661
1,69E+12;15.07.2023;1INCHBUSD;0.3354;0.4385;0.33;0.3707;3081580.4;1129484.65719;8123
1,69E+12;14.07.2023;1INCHBUSD;0.3494;0.359;0.3244;0.3353;648983.3;220857.15823;2570
1,69E+12;13.07.2023;1INCHBUSD;0.3256;0.3526;0.3138;0.3494;771098.0;255344.41354;1958
1,69E+12;12.07.2023;1INCHBUSD;0.3144;0.363;0.3142;0.3249;2797240.9;928857.37549;6043
1,69E+12;11.07.2023;1INCHBUSD;0.3055;0.3144;0.3022;0.3144;207371.7;63769.79006;578
1,69E+12;10.07.2023;1INCHBUSD;0.3038;0.3118;0.2955;0.3043;259279.3;78273.4915;611
1,69E+12;09.07.2023;1INCHBUSD;0.3066;0.31;0.3018;0.3028;187138.5;57057.14875;488
1,69E+12;08.07.2023;1INCHBUSD;0.3082;0.3111;0.2999;0.3065;111612.7;34131.57741;398
1,69E+12;07.07.2023;1INCHBUSD;0.301;0.3091;0.298;0.3086;148997.0;45299.27213;553
1,69E+12;06.07.2023;1INCHBUSD;0.3143;0.3274;0.3016;0.3016;365202.4;114726.61046;1482
1,69E+12;05.07.2023;1INCHBUSD;0.3275;0.3303;0.3094;0.3149;271242.3;86512.53594;1185
1,69E+12;04.07.2023;1INCHBUSD;0.3412;0.3412;0.3208;0.3277;325957.2;107383.0611;782
1,69E+12;03.07.2023;1INCHBUSD;0.324;0.3436;0.3209;0.3419;379474.1;127398.78201;909
1,69E+12;02.07.2023;1INCHBUSD;0.3323;0.3324;0.3168;0.3252;202766.9;65791.74393;543
1,69E+12;01.07.2023;1INCHBUSD;0.3178;0.3329;0.3112;0.3328;209369.8;67053.04592;603
1,69E+12;30.06.2023;1INCHBUSD;0.3083;0.326;0.295;0.3172;277303.2;86883.24338;926
1,69E+12;29.06.2023;1INCHBUSD;0.2986;0.3121;0.2979;0.309;294908.0;90626.92083;513
1,69E+12;28.06.2023;1INCHBUSD;0.3187;0.3187;0.2884;0.2997;268291.3;81403.61268;900
1,69E+12;27.06.2023;1INCHBUSD;0.32;0.3263;0.317;0.3185;223186.2;71606.31191;587
1,69E+12;26.06.2023;1INCHBUSD;0.328;0.333;0.3126;0.3197;261195.2;84563.82084;851
1,69E+12;25.06.2023;1INCHBUSD;0.3269;0.35;0.3226;0.3276;619877.9;208291.99351;2185
1,69E+12;24.06.2023;1INCHBUSD;0.3178;0.3317;0.3166;0.3266;272003.2;88239.02396;1009
1,69E+12;23.06.2023;1INCHBUSD;0.3051;0.3257;0.3046;0.317;182554.2;57188.74551;568
1,69E+12;22.06.2023;1INCHBUSD;0.3089;0.3163;0.2995;0.3041;313738.5;97321.75859;765
1,69E+12;21.06.2023;1INCHBUSD;0.2921;0.3131;0.291;0.309;347044.3;104929.10402;852
1,69E+12;20.06.2023;1INCHBUSD;0.277;0.2942;0.2738;0.2924;333454.0;94001.17443;556
1,69E+12;19.06.2023;1INCHBUSD;0.276;0.2782;0.2708;0.277;332484.1;91187.44968;642
1,69E+12;18.06.2023;1INCHBUSD;0.2767;0.2843;0.2731;0.2755;370442.7;103306.11196;865
1,69E+12;17.06.2023;1INCHBUSD;0.2748;0.2841;0.2717;0.2763;287327.9;79919.74654;628
1,69E+12;16.06.2023;1INCHBUSD;0.261;0.2792;0.259;0.2752;375392.9;101293.03148;818
1,69E+12;15.06.2023;1INCHBUSD;0.262;0.265;0.252;0.261;203475.4;52535.4155;618
1,69E+12;14.06.2023;1INCHBUSD;0.268;0.278;0.257;0.263;444420.6;119024.8041;977
1,69E+12;13.06.2023;1INCHBUSD;0.27;0.277;0.264;0.268;340503.4;91765.5438;680
1,69E+12;12.06.2023;1INCHBUSD;0.269;0.275;0.261;0.27;382501.3;102852.7581;576
1,69E+12;11.06.2023;1INCHBUSD;0.273;0.276;0.266;0.269;342587.7;92509.0853;605
1,69E+12;10.06.2023;1INCHBUSD;0.323;0.323;0.237;0.273;1314602.5;365937.6814;2853
1,69E+12;09.06.2023;1INCHBUSD;0.322;0.327;0.318;0.323;183440.5;59190.6587;374
1,69E+12;08.06.2023;1INCHBUSD;0.314;0.328;0.312;0.322;262112.8;84137.8648;638
1,69E+12;07.06.2023;1INCHBUSD;0.334;0.334;0.311;0.314;362276.9;117590.093;851
1,69E+12;06.06.2023;1INCHBUSD;0.327;0.337;0.315;0.335;561228.3;182747.4554;1018
1,69E+12;05.06.2023;1INCHBUSD;0.371;0.371;0.318;0.327;1523642.1;518558.0788;3446
1,69E+12;04.06.2023;1INCHBUSD;0.371;0.377;0.369;0.373;284355.8;106191.5134;464
1,69E+12;03.06.2023;1INCHBUSD;0.381;0.381;0.369;0.371;353345.3;132818.5335;688
1,69E+12;02.06.2023;1INCHBUSD;0.368;0.387;0.362;0.381;924213.0;344158.1023;1619
1,69E+12;01.06.2023;1INCHBUSD;0.38;0.381;0.368;0.369;287780.4;107254.7304;723
1,69E+12;31.05.2023;1INCHBUSD;0.394;0.397;0.375;0.381;464324.0;178150.7352;854
1,69E+12;30.05.2023;1INCHBUSD;0.393;0.4;0.391;0.394;253915.1;100207.751;550
1,69E+12;29.05.2023;1INCHBUSD;0.406;0.406;0.392;0.394;246872.0;98329.0966;538
1,69E+12;28.05.2023;1INCHBUSD;0.396;0.408;0.395;0.404;194871.4;78172.5533;624
1,69E+12;27.05.2023;1INCHBUSD;0.394;0.398;0.392;0.397;78186.3;30835.7773;272
1,69E+12;26.05.2023;1INCHBUSD;0.392;0.396;0.387;0.395;202488.8;79173.5042;575
1,68E+12;25.05.2023;1INCHBUSD;0.39;0.396;0.382;0.393;197742.7;77153.9202;596
1,68E+12;24.05.2023;1INCHBUSD;0.401;0.401;0.383;0.389;286502.7;111942.6763;880
1,68E+12;23.05.2023;1INCHBUSD;0.397;0.404;0.396;0.401;141487.0;56670.986;384
1,68E+12;22.05.2023;1INCHBUSD;0.396;0.399;0.389;0.398;191383.8;75536.1918;515
1,68E+12;21.05.2023;1INCHBUSD;0.403;0.404;0.393;0.396;112295.4;44683.4165;430
1,68E+12;20.05.2023;1INCHBUSD;0.401;0.404;0.398;0.403;133595.8;53472.4116;427
1,68E+12;19.05.2023;1INCHBUSD;0.401;0.404;0.398;0.401;261895.1;105029.311;655
1,68E+12;18.05.2023;1INCHBUSD;0.415;0.415;0.396;0.402;551061.4;223957.3244;1348
1,68E+12;17.05.2023;1INCHBUSD;0.415;0.42;0.405;0.416;442773.5;182725.2901;1364
1,68E+12;16.05.2023;1INCHBUSD;0.414;0.422;0.41;0.415;254268.2;105753.4046;894
1,68E+12;15.05.2023;1INCHBUSD;0.414;0.421;0.407;0.415;256399.6;106682.8292;1097
1,68E+12;14.05.2023;1INCHBUSD;0.41;0.417;0.405;0.414;213122.9;87688.5982;890
1,68E+12;13.05.2023;1INCHBUSD;0.415;0.416;0.408;0.41;241394.2;99243.9434;883
1,68E+12;12.05.2023;1INCHBUSD;0.409;0.415;0.397;0.414;525542.5;213388.3342;2233
1,68E+12;11.05.2023;1INCHBUSD;0.42;0.42;0.399;0.409;485491.0;198345.155;2239
1,68E+12;10.05.2023;1INCHBUSD;0.415;0.426;0.402;0.422;492802.6;205242.6542;2150
1,68E+12;09.05.2023;1INCHBUSD;0.407;0.419;0.405;0.416;528147.4;218184.8354;2060
1,68E+12;08.05.2023;1INCHBUSD;0.447;0.449;0.39;0.407;1001322.6;416663.252;4274
1,68E+12;07.05.2023;1INCHBUSD;0.447;0.456;0.443;0.447;300706.2;135254.6278;1494
1,68E+12;06.05.2023;1INCHBUSD;0.463;0.466;0.436;0.447;451971.6;204088.9925;1932
1,68E+12;05.05.2023;1INCHBUSD;0.452;0.466;0.447;0.464;488727.8;223466.1303;1765
1,68E+12;04.05.2023;1INCHBUSD;0.457;0.458;0.448;0.452;475055.7;215167.5411;1596
1,68E+12;03.05.2023;1INCHBUSD;0.458;0.459;0.439;0.456;508002.5;226694.6785;2566
1,68E+12;02.05.2023;1INCHBUSD;0.455;0.461;0.452;0.459;463857.4;211547.7475;2222
1,68E+12;01.05.2023;1INCHBUSD;0.471;0.474;0.447;0.455;986410.4;453868.9471;3178
1,68E+12;30.04.2023;1INCHBUSD;0.495;0.495;0.467;0.471;1016994.7;485644.1128;3822
1,68E+12;29.04.2023;1INCHBUSD;0.483;0.514;0.481;0.495;1104135.9;546378.7165;3641
1,68E+12;28.04.2023;1INCHBUSD;0.49;0.49;0.476;0.482;419984.1;203046.8569;1939
1,68E+12;27.04.2023;1INCHBUSD;0.479;0.495;0.475;0.489;659707.5;320030.937;3050
1,68E+12;26.04.2023;1INCHBUSD;0.494;0.51;0.455;0.48;741336.2;365311.0851;2854
1,68E+12;25.04.2023;1INCHBUSD;0.487;0.496;0.471;0.494;730045.8;349718.2966;2495
1,68E+12;24.04.2023;1INCHBUSD;0.494;0.5;0.48;0.487;632423.1;309832.1208;3053
1,68E+12;23.04.2023;1INCHBUSD;0.507;0.507;0.483;0.495;732632.7;365377.5162;2510
1,68E+12;22.04.2023;1INCHBUSD;0.493;0.508;0.488;0.508;538010.9;267470.1091;1564
1,68E+12;21.04.2023;1INCHBUSD;0.511;0.521;0.487;0.493;1056765.2;536118.335;3900
1,68E+12;20.04.2023;1INCHBUSD;0.511;0.518;0.492;0.511;953281.5;482645.3444;4253
1,68E+12;19.04.2023;1INCHBUSD;0.569;0.572;0.504;0.511;879848.1;464746.2707;4304
1,68E+12;18.04.2023;1INCHBUSD;0.557;0.579;0.549;0.57;647903.7;367265.1313;3049
1,68E+12;17.04.2023;1INCHBUSD;0.574;0.582;0.549;0.557;1135540.8;636286.2734;4760
1,68E+12;16.04.2023;1INCHBUSD;0.566;0.6;0.558;0.574;868415.1;495987.784;3562
1,68E+12;15.04.2023;1INCHBUSD;0.565;0.571;0.552;0.566;802711.9;450454.9246;3210
1,68E+12;14.04.2023;1INCHBUSD;0.55;0.567;0.545;0.565;1017572.4;568833.3089;4027
1,68E+12;13.04.2023;1INCHBUSD;0.537;0.55;0.533;0.55;837394.6;453051.4612;3598
1,68E+12;12.04.2023;1INCHBUSD;0.545;0.545;0.523;0.536;1340068.7;711622.6979;5745
1,68E+12;11.04.2023;1INCHBUSD;0.548;0.551;0.54;0.545;1128538.0;614287.5345;3782
1,68E+12;10.04.2023;1INCHBUSD;0.533;0.548;0.52;0.548;1285921.2;684833.9869;4792
1,68E+12;09.04.2023;1INCHBUSD;0.53;0.538;0.518;0.533;632301.8;334084.3572;2809
1,68E+12;08.04.2023;1INCHBUSD;0.528;0.536;0.521;0.53;616394.6;327193.6232;2799
1,68E+12;07.04.2023;1INCHBUSD;0.538;0.538;0.52;0.528;937245.3;493386.3958;4007
1,68E+12;06.04.2023;1INCHBUSD;0.539;0.54;0.524;0.539;1124679.5;598355.1934;3892
1,68E+12;05.04.2023;1INCHBUSD;0.54;0.558;0.525;0.539;1909134.8;1031936.5738;7039
1,68E+12;04.04.2023;1INCHBUSD;0.516;0.544;0.509;0.541;1509749.6;794066.3392;5060
1,68E+12;03.04.2023;1INCHBUSD;0.52;0.525;0.497;0.515;1839761.5;946426.0165;7062
1,68E+12;02.04.2023;1INCHBUSD;0.54;0.541;0.512;0.521;1192926.8;625730.8068;3893
1,68E+12;01.04.2023;1INCHBUSD;0.562;0.562;0.533;0.54;1479201.5;807314.0698;4710
1,68E+12;31.03.2023;1INCHBUSD;0.567;0.567;0.537;0.562;2508270.4;1382246.5391;8268
1,68E+12;30.03.2023;1INCHBUSD;0.519;0.602;0.516;0.567;7887207.8;4474199.9816;25876
1,68E+12;29.03.2023;1INCHBUSD;0.497;0.519;0.496;0.518;1338075.4;683094.2759;5885
1,68E+12;28.03.2023;1INCHBUSD;0.489;0.505;0.485;0.496;1587386.4;784997.3452;4625
1,68E+12;27.03.2023;1INCHBUSD;0.514;0.517;0.483;0.489;1780048.8;889084.0505;4559
1,68E+12;26.03.2023;1INCHBUSD;0.5;0.516;0.496;0.513;1104586.3;561526.6918;2889
1,68E+12;25.03.2023;1INCHBUSD;0.506;0.51;0.494;0.5;1389036.1;698126.4855;3403
1,68E+12;24.03.2023;1INCHBUSD;0.522;0.523;0.499;0.507;1243042.2;635990.9843;3892
1,68E+12;23.03.2023;1INCHBUSD;0.508;0.531;0.503;0.521;1601667.7;823849.7184;5819
1,68E+12;22.03.2023;1INCHBUSD;0.537;0.537;0.494;0.508;1456585.5;760225.949;6061
1,68E+12;21.03.2023;1INCHBUSD;0.524;0.537;0.504;0.537;1813772.4;947899.6317;7423
1,68E+12;20.03.2023;1INCHBUSD;0.553;0.554;0.517;0.523;1519493.7;815631.5334;5969
1,68E+12;19.03.2023;1INCHBUSD;0.522;0.587;0.521;0.552;3562433.2;1976526.2281;10816
1,68E+12;18.03.2023;1INCHBUSD;0.528;0.544;0.514;0.521;1864716.3;993543.4515;5834
1,68E+12;17.03.2023;1INCHBUSD;0.494;0.53;0.488;0.529;1650821.0;837265.1598;5300
1,68E+12;16.03.2023;1INCHBUSD;0.491;0.509;0.485;0.495;2838199.6;1403650.8094;8053
1,68E+12;15.03.2023;1INCHBUSD;0.528;0.538;0.483;0.49;2123762.3;1084839.5171;6935
1,68E+12;14.03.2023;1INCHBUSD;0.502;0.54;0.491;0.528;1408125.8;726076.2807;4364
1,68E+12;13.03.2023;1INCHBUSD;0.477;0.514;0.464;0.501;1151852.4;559388.2144;3436
1,68E+12;12.03.2023;1INCHBUSD;0.441;0.477;0.431;0.475;522615.6;232316.6103;2726
1,68E+12;11.03.2023;1INCHBUSD;0.448;0.459;0.425;0.442;941245.1;413639.3713;4602
1,68E+12;10.03.2023;1INCHBUSD;0.439;0.45;0.411;0.448;1468058.4;634740.2278;3453
1,68E+12;09.03.2023;1INCHBUSD;0.473;0.485;0.431;0.439;1079932.6;499951.9081;3525
1,68E+12;08.03.2023;1INCHBUSD;0.509;0.51;0.466;0.473;611072.0;298405.978;2315
1,68E+12;07.03.2023;1INCHBUSD;0.526;0.527;0.494;0.508;567813.8;289606.5704;1921
1,68E+12;06.03.2023;1INCHBUSD;0.513;0.531;0.513;0.525;812144.0;425132.1752;2582
1,68E+12;05.03.2023;1INCHBUSD;0.517;0.529;0.51;0.513;346257.6;180059.2388;1648
1,68E+12;04.03.2023;1INCHBUSD;0.528;0.532;0.5;0.517;401921.6;206924.5426;1654
1,68E+12;03.03.2023;1INCHBUSD;0.565;0.565;0.506;0.528;785437.1;413850.917;3890
1,68E+12;02.03.2023;1INCHBUSD;0.588;0.589;0.552;0.565;587028.7;330598.8818;2693
1,68E+12;01.03.2023;1INCHBUSD;0.571;0.599;0.568;0.588;700176.6;412692.8944;2816
1,68E+12;28.02.2023;1INCHBUSD;0.579;0.587;0.566;0.571;606495.2;348792.244;2661
1,68E+12;27.02.2023;1INCHBUSD;0.583;0.589;0.563;0.579;1195908.4;690114.6821;4182
1,68E+12;26.02.2023;1INCHBUSD;0.58;0.597;0.569;0.583;839692.9;489073.1631;2837
1,68E+12;25.02.2023;1INCHBUSD;0.6;0.602;0.564;0.58;982614.0;576892.2675;3602
1,68E+12;24.02.2023;1INCHBUSD;0.618;0.626;0.584;0.601;1021783.0;618687.1031;3740
1,68E+12;23.02.2023;1INCHBUSD;0.642;0.644;0.608;0.619;1197686.0;753186.7197;4533
1,68E+12;22.02.2023;1INCHBUSD;0.686;0.686;0.628;0.643;2771377.4;1797562.1895;8000
1,68E+12;21.02.2023;1INCHBUSD;0.613;0.7;0.603;0.688;7030062.5;4610902.1812;19626
1,68E+12;20.02.2023;1INCHBUSD;0.575;0.617;0.542;0.613;1910884.0;1144100.1897;6244
1,68E+12;19.02.2023;1INCHBUSD;0.575;0.602;0.566;0.575;2143531.9;1256182.9967;6266
1,68E+12;18.02.2023;1INCHBUSD;0.568;0.582;0.562;0.576;883843.6;508364.4778;4006
1,68E+12;17.02.2023;1INCHBUSD;0.542;0.573;0.538;0.568;1123760.5;628617.8159;4111
1,68E+12;16.02.2023;1INCHBUSD;0.568;0.572;0.541;0.542;1260852.1;706914.3676;4495
1,68E+12;15.02.2023;1INCHBUSD;0.541;0.569;0.533;0.567;1112208.7;609807.0742;3439
1,68E+12;14.02.2023;1INCHBUSD;0.531;0.543;0.525;0.54;874055.8;466848.7151;3308
1,68E+12;13.02.2023;1INCHBUSD;0.532;0.539;0.513;0.531;1358397.7;713827.5865;5020
1,68E+12;12.02.2023;1INCHBUSD;0.54;0.546;0.521;0.533;1038276.2;558065.4746;3044
1,68E+12;11.02.2023;1INCHBUSD;0.533;0.542;0.527;0.541;560666.2;298319.2262;2531
1,68E+12;10.02.2023;1INCHBUSD;0.526;0.541;0.521;0.533;956126.2;508120.1676;3389
1,68E+12;09.02.2023;1INCHBUSD;0.566;0.573;0.511;0.528;3108449.0;1695278.6706;8455
1,68E+12;08.02.2023;1INCHBUSD;0.587;0.597;0.545;0.564;1937951.6;1111447.8688;5130
1,68E+12;07.02.2023;1INCHBUSD;0.553;0.591;0.546;0.586;2336345.5;1328411.9526;6813
1,68E+12;06.02.2023;1INCHBUSD;0.561;0.597;0.551;0.554;1880540.3;1072440.0027;6062
1,68E+12;05.02.2023;1INCHBUSD;0.582;0.622;0.534;0.56;4703310.7;2761711.9009;13517
1,68E+12;04.02.2023;1INCHBUSD;0.566;0.604;0.552;0.581;3392542.3;1978180.5042;9515
1,68E+12;03.02.2023;1INCHBUSD;0.541;0.574;0.536;0.566;2468559.4;1374169.9807;6429
1,68E+12;02.02.2023;1INCHBUSD;0.528;0.575;0.528;0.54;2626724.2;1442976.0972;7978
1,68E+12;01.02.2023;1INCHBUSD;0.515;0.53;0.493;0.529;1628886.0;829249.0098;4208
1,68E+12;31.01.2023;1INCHBUSD;0.51;0.517;0.502;0.514;900478.2;460097.1307;2907
1,68E+12;30.01.2023;1INCHBUSD;0.541;0.544;0.489;0.51;2100408.1;1078372.3003;6297
1,67E+12;29.01.2023;1INCHBUSD;0.529;0.543;0.52;0.541;1119363.3;598493.4879;4300
1,67E+12;28.01.2023;1INCHBUSD;0.537;0.55;0.517;0.529;984117.6;525452.4189;4935
1,67E+12;27.01.2023;1INCHBUSD;0.528;0.54;0.506;0.538;1597278.6;832450.2911;6612
1,67E+12;26.01.2023;1INCHBUSD;0.536;0.549;0.514;0.528;1210864.9;641042.1525;6111
1,67E+12;25.01.2023;1INCHBUSD;0.514;0.582;0.497;0.534;3402362.4;1801459.6349;13047
1,67E+12;24.01.2023;1INCHBUSD;0.535;0.547;0.502;0.513;1989732.7;1060929.389;6613
1,67E+12;23.01.2023;1INCHBUSD;0.515;0.552;0.514;0.535;3436670.8;1839018.0889;11101
1,67E+12;22.01.2023;1INCHBUSD;0.501;0.542;0.495;0.513;3621205.6;1884475.7644;9480
1,67E+12;21.01.2023;1INCHBUSD;0.494;0.524;0.482;0.501;2549942.9;1288657.1978;7808
1,67E+12;20.01.2023;1INCHBUSD;0.463;0.495;0.453;0.494;1259756.9;592623.3589;3881
1,67E+12;19.01.2023;1INCHBUSD;0.446;0.475;0.446;0.463;2312327.0;1062052.7934;7272
1,67E+12;18.01.2023;1INCHBUSD;0.48;0.487;0.44;0.447;1606935.3;740135.3725;5526
1,67E+12;17.01.2023;1INCHBUSD;0.488;0.497;0.476;0.48;1220399.8;591406.0409;3616
1,67E+12;16.01.2023;1INCHBUSD;0.499;0.512;0.471;0.488;1777581.8;874218.9723;5080
1,67E+12;15.01.2023;1INCHBUSD;0.482;0.504;0.471;0.497;1763006.4;865422.7469;5202
1,67E+12;14.01.2023;1INCHBUSD;0.466;0.502;0.448;0.481;3613994.2;1744615.8898;9088
1,67E+12;13.01.2023;1INCHBUSD;0.451;0.468;0.443;0.464;495683.3;224874.944;2351
1,67E+12;12.01.2023;1INCHBUSD;0.435;0.455;0.428;0.451;1206601.1;532303.3671;4122
1,67E+12;11.01.2023;1INCHBUSD;0.432;0.437;0.413;0.435;346312.4;146684.873;1686
1,67E+12;10.01.2023;1INCHBUSD;0.422;0.438;0.415;0.432;717087.1;308328.8462;2148
1,67E+12;09.01.2023;1INCHBUSD;0.409;0.434;0.407;0.421;809712.2;341462.4535;3743
1,67E+12;08.01.2023;1INCHBUSD;0.398;0.412;0.393;0.409;482634.8;194847.3675;1533
1,67E+12;07.01.2023;1INCHBUSD;0.396;0.401;0.394;0.398;423649.5;168260.8246;1248
1,67E+12;06.01.2023;1INCHBUSD;0.388;0.398;0.381;0.396;482751.4;186937.7534;1364
1,67E+12;05.01.2023;1INCHBUSD;0.396;0.403;0.386;0.388;716803.6;282149.5615;1901
1,67E+12;04.01.2023;1INCHBUSD;0.386;0.403;0.383;0.395;885267.3;349642.1903;2230
1,67E+12;03.01.2023;1INCHBUSD;0.396;0.4;0.382;0.386;545155.9;213080.9174;1606
1,67E+12;02.01.2023;1INCHBUSD;0.386;0.399;0.379;0.395;435028.3;169174.7135;1332
1,67E+12;01.01.2023;1INCHBUSD;0.384;0.387;0.38;0.386;180511.0;69178.7675;559
1,67E+12;31.12.2022;1INCHBUSD;0.377;0.391;0.374;0.383;442941.8;170450.0915;1094
1,67E+12;30.12.2022;1INCHBUSD;0.381;0.386;0.372;0.375;462692.4;174901.903;1028
1,67E+12;29.12.2022;1INCHBUSD;0.384;0.387;0.374;0.382;590503.2;224890.5415;1254
1,67E+12;28.12.2022;1INCHBUSD;0.4;0.401;0.381;0.384;714075.6;278016.7769;1853
1,67E+12;27.12.2022;1INCHBUSD;0.407;0.414;0.396;0.4;549425.0;221165.7157;1643
1,67E+12;26.12.2022;1INCHBUSD;0.399;0.407;0.396;0.406;362845.1;146283.7138;1141
1,67E+12;25.12.2022;1INCHBUSD;0.4;0.402;0.389;0.398;336397.8;132873.5944;1132
1,67E+12;24.12.2022;1INCHBUSD;0.398;0.403;0.398;0.4;232697.2;93133.2709;601
1,67E+12;23.12.2022;1INCHBUSD;0.398;0.399;0.391;0.397;315013.5;124298.4752;820
1,67E+12;22.12.2022;1INCHBUSD;0.398;0.401;0.389;0.396;525632.7;208321.1119;1093
1,67E+12;21.12.2022;1INCHBUSD;0.405;0.406;0.394;0.399;577401.8;230824.0827;1153
1,67E+12;20.12.2022;1INCHBUSD;0.382;0.407;0.379;0.404;659428.5;260140.98;1369
1,67E+12;19.12.2022;1INCHBUSD;0.391;0.404;0.38;0.382;977129.7;386187.6862;2167
1,67E+12;18.12.2022;1INCHBUSD;0.389;0.395;0.382;0.391;327027.2;126845.5717;744
1,67E+12;17.12.2022;1INCHBUSD;0.384;0.391;0.376;0.39;583249.6;223589.4667;1707
1,67E+12;16.12.2022;1INCHBUSD;0.423;0.43;0.366;0.385;1185535.0;472828.8438;2780
1,67E+12;15.12.2022;1INCHBUSD;0.431;0.436;0.422;0.423;401104.1;172013.2678;892
1,67E+12;14.12.2022;1INCHBUSD;0.442;0.445;0.428;0.432;956291.3;418734.237;1482
1,67E+12;13.12.2022;1INCHBUSD;0.432;0.444;0.417;0.441;1048782.4;452989.9063;2304
1,67E+12;12.12.2022;1INCHBUSD;0.434;0.434;0.413;0.432;928147.9;392832.8226;1889
1,67E+12;11.12.2022;1INCHBUSD;0.444;0.451;0.434;0.435;646323.0;287453.4664;1331
1,67E+12;10.12.2022;1INCHBUSD;0.44;0.447;0.44;0.444;452411.0;200578.6905;1161
1,67E+12;09.12.2022;1INCHBUSD;0.448;0.451;0.435;0.441;1084157.8;481456.1444;1995
1,67E+12;08.12.2022;1INCHBUSD;0.444;0.449;0.429;0.448;964138.6;422842.285;2462
1,67E+12;07.12.2022;1INCHBUSD;0.476;0.476;0.429;0.444;1743249.2;783745.9313;3488
1,67E+12;06.12.2022;1INCHBUSD;0.484;0.489;0.468;0.475;1096549.8;522000.1708;2601
1,67E+12;05.12.2022;1INCHBUSD;0.498;0.504;0.479;0.484;1320969.9;654982.6329;2961
1,67E+12;04.12.2022;1INCHBUSD;0.487;0.499;0.487;0.498;646855.0;319840.636;1550
1,67E+12;03.12.2022;1INCHBUSD;0.505;0.508;0.482;0.487;2435745.0;1209885.7195;3736
1,67E+12;02.12.2022;1INCHBUSD;0.508;0.512;0.495;0.503;1023070.3;513740.6252;3470
1,67E+12;01.12.2022;1INCHBUSD;0.528;0.528;0.505;0.51;630970.9;324470.6633;1786
1,67E+12;30.11.2022;1INCHBUSD;0.52;0.531;0.513;0.527;521615.4;272904.4517;1623
1,67E+12;29.11.2022;1INCHBUSD;0.516;0.524;0.51;0.519;407646.2;210871.0761;1142
1,67E+12;28.11.2022;1INCHBUSD;0.519;0.54;0.5;0.516;699423.3;360322.4847;3085
1,67E+12;27.11.2022;1INCHBUSD;0.519;0.569;0.515;0.519;1092967.2;589596.9567;4258
1,67E+12;26.11.2022;1INCHBUSD;0.518;0.527;0.514;0.518;455640.5;237363.1967;1433
1,67E+12;25.11.2022;1INCHBUSD;0.528;0.528;0.512;0.517;377215.5;195247.123;1324
1,67E+12;24.11.2022;1INCHBUSD;0.544;0.547;0.522;0.528;627532.6;334081.3225;2136
1,67E+12;23.11.2022;1INCHBUSD;0.536;0.546;0.527;0.544;509656.5;273819.0928;1880
1,67E+12;22.11.2022;1INCHBUSD;0.502;0.537;0.499;0.537;649479.7;335411.02;2592
1,67E+12;21.11.2022;1INCHBUSD;0.501;0.508;0.488;0.504;820686.6;410382.8427;3299
1,67E+12;20.11.2022;1INCHBUSD;0.536;0.54;0.501;0.503;509398.8;267879.358;2073
1,67E+12;19.11.2022;1INCHBUSD;0.528;0.545;0.518;0.536;743306.6;395748.0655;1814
1,67E+12;18.11.2022;1INCHBUSD;0.516;0.534;0.516;0.527;678074.0;356738.4947;1840
1,67E+12;17.11.2022;1INCHBUSD;0.521;0.525;0.504;0.515;1480142.5;762761.0547;3455
1,67E+12;16.11.2022;1INCHBUSD;0.532;0.544;0.513;0.522;966365.7;511261.9412;2692
1,67E+12;15.11.2022;1INCHBUSD;0.516;0.544;0.507;0.53;1189628.4;623964.1669;3789
1,67E+12;14.11.2022;1INCHBUSD;0.521;0.523;0.473;0.516;1881861.2;946284.2853;5069
1,67E+12;13.11.2022;1INCHBUSD;0.507;0.529;0.488;0.521;2568481.8;1312488.4145;7375
1,67E+12;12.11.2022;1INCHBUSD;0.558;0.559;0.497;0.507;1562564.6;800428.7661;4665
1,67E+12;11.11.2022;1INCHBUSD;0.568;0.568;0.538;0.558;1797815.7;991248.9037;5260
1,67E+12;10.11.2022;1INCHBUSD;0.525;0.573;0.519;0.568;2254604.0;1228686.8238;6773
1,67E+12;09.11.2022;1INCHBUSD;0.556;0.558;0.514;0.527;2417160.4;1294847.3316;6961
1,67E+12;08.11.2022;1INCHBUSD;0.634;0.64;0.517;0.556;2513621.0;1453533.8357;10476
1,67E+12;07.11.2022;1INCHBUSD;0.633;0.661;0.623;0.635;1424166.4;912337.7774;5627
1,67E+12;06.11.2022;1INCHBUSD;0.646;0.675;0.63;0.635;1967960.8;1297844.0934;6085
1,67E+12;05.11.2022;1INCHBUSD;0.653;0.665;0.631;0.645;1557306.4;1016146.1407;4281
1,67E+12;04.11.2022;1INCHBUSD;0.608;0.653;0.605;0.652;2582159.2;1638745.6612;6308
1,67E+12;03.11.2022;1INCHBUSD;0.59;0.7;0.589;0.608;1791090.5;1095015.7242;6636
1,67E+12;02.11.2022;1INCHBUSD;0.607;0.61;0.578;0.59;543436.0;324580.9704;3235
1,67E+12;01.11.2022;1INCHBUSD;0.612;0.625;0.605;0.607;429280.7;263548.7045;1466
1,67E+12;31.10.2022;1INCHBUSD;0.614;0.647;0.604;0.612;1522323.0;950278.0037;5832
1,67E+12;30.10.2022;1INCHBUSD;0.625;0.634;0.602;0.614;690505.0;425773.1244;3456
1,67E+12;29.10.2022;1INCHBUSD;0.614;0.636;0.61;0.626;931991.6;579635.1921;3552
1,67E+12;28.10.2022;1INCHBUSD;0.594;0.621;0.584;0.614;889400.7;536780.9959;3069
1,67E+12;27.10.2022;1INCHBUSD;0.611;0.622;0.592;0.595;1151615.6;698650.2457;3643
1,67E+12;26.10.2022;1INCHBUSD;0.584;0.618;0.583;0.61;2863706.0;1722970.4967;7516
1,67E+12;25.10.2022;1INCHBUSD;0.567;0.594;0.566;0.582;1727165.4;1000343.4672;4719
1,67E+12;24.10.2022;1INCHBUSD;0.58;0.584;0.561;0.567;1206118.0;686235.4917;3582
1,67E+12;23.10.2022;1INCHBUSD;0.572;0.581;0.559;0.58;784061.0;447916.8601;2358
1,67E+12;22.10.2022;1INCHBUSD;0.569;0.573;0.557;0.571;593378.0;335865.172;2227
1,67E+12;21.10.2022;1INCHBUSD;0.561;0.57;0.544;0.569;1336761.2;746768.0249;4468
1,67E+12;20.10.2022;1INCHBUSD;0.566;0.581;0.556;0.563;665144.2;377752.1833;3279
1,67E+12;19.10.2022;1INCHBUSD;0.571;0.583;0.557;0.566;748859.1;427278.1135;3862
1,67E+12;18.10.2022;1INCHBUSD;0.577;0.583;0.561;0.571;868309.2;495841.6491;3771
1,67E+12;17.10.2022;1INCHBUSD;0.569;0.578;0.563;0.576;400371.5;228657.8615;1759
1,67E+12;16.10.2022;1INCHBUSD;0.562;0.572;0.56;0.569;250214.2;141586.0614;1691
1,67E+12;15.10.2022;1INCHBUSD;0.56;0.568;0.557;0.562;251851.5;142000.0933;1600
1,67E+12;14.10.2022;1INCHBUSD;0.564;0.579;0.553;0.56;482368.2;274115.5663;1992
1,67E+12;13.10.2022;1INCHBUSD;0.569;0.57;0.536;0.563;832682.0;458953.9605;3743
1,67E+12;12.10.2022;1INCHBUSD;0.563;0.574;0.562;0.57;225554.2;128265.4601;1117
1,67E+12;11.10.2022;1INCHBUSD;0.575;0.575;0.558;0.562;297815.5;168468.8703;1743
1,67E+12;10.10.2022;1INCHBUSD;0.607;0.619;0.575;0.576;451795.8;268914.1201;2628
1,67E+12;09.10.2022;1INCHBUSD;0.6;0.612;0.597;0.607;324750.4;196113.9326;1843
1,67E+12;08.10.2022;1INCHBUSD;0.614;0.627;0.593;0.599;1144276.7;694824.1964;3783
1,67E+12;07.10.2022;1INCHBUSD;0.574;0.662;0.573;0.615;5335866.0;3330309.246;18556
1,67E+12;06.10.2022;1INCHBUSD;0.585;0.593;0.573;0.575;363598.9;212779.3034;1493
1,66E+12;05.10.2022;1INCHBUSD;0.586;0.589;0.567;0.585;409142.6;236928.8595;1428
1,66E+12;04.10.2022;1INCHBUSD;0.573;0.59;0.57;0.585;455929.9;264939.9076;1180
1,66E+12;03.10.2022;1INCHBUSD;0.552;0.575;0.545;0.573;355968.0;201082.0173;1281
1,66E+12;02.10.2022;1INCHBUSD;0.574;0.578;0.553;0.554;387331.0;218371.5506;1683
1,66E+12;01.10.2022;1INCHBUSD;0.578;0.581;0.572;0.575;169325.6;97690.6651;728
1,66E+12;30.09.2022;1INCHBUSD;0.585;0.591;0.561;0.576;844188.3;490109.9712;2847
1,66E+12;29.09.2022;1INCHBUSD;0.587;0.593;0.573;0.585;705059.5;410534.5474;2426
1,66E+12;28.09.2022;1INCHBUSD;0.608;0.611;0.575;0.586;1202326.4;704292.2518;3701
1,66E+12;27.09.2022;1INCHBUSD;0.625;0.649;0.601;0.608;1011765.7;640401.3118;3662
1,66E+12;26.09.2022;1INCHBUSD;0.6;0.637;0.598;0.625;1199837.9;741926.354;5110
1,66E+12;25.09.2022;1INCHBUSD;0.607;0.626;0.59;0.601;1057878.1;649419.6462;3663
1,66E+12;24.09.2022;1INCHBUSD;0.609;0.626;0.601;0.607;617524.2;378349.8564;2079
1,66E+12;23.09.2022;1INCHBUSD;0.593;0.62;0.584;0.608;874217.6;526554.3473;3661
1,66E+12;22.09.2022;1INCHBUSD;0.562;0.597;0.56;0.593;723925.0;419940.6703;2568
1,66E+12;21.09.2022;1INCHBUSD;0.599;0.609;0.553;0.563;838779.5;487796.877;4096
1,66E+12;20.09.2022;1INCHBUSD;0.597;0.608;0.585;0.601;271347.1;162411.758;1808
1,66E+12;19.09.2022;1INCHBUSD;0.571;0.601;0.554;0.595;814721.0;471125.096;2990
1,66E+12;18.09.2022;1INCHBUSD;0.626;0.64;0.533;0.572;513021.0;304104.5867;3457
1,66E+12;17.09.2022;1INCHBUSD;0.617;0.63;0.609;0.629;280704.8;173508.0008;1391
1,66E+12;16.09.2022;1INCHBUSD;0.59;0.625;0.583;0.616;927530.5;564725.0253;4206
1,66E+12;15.09.2022;1INCHBUSD;0.612;0.619;0.587;0.589;452523.7;272133.2825;3401
1,66E+12;14.09.2022;1INCHBUSD;0.593;0.618;0.59;0.613;621632.9;377482.8007;3099
1,66E+12;13.09.2022;1INCHBUSD;0.646;0.659;0.59;0.593;944820.2;587882.7112;4251
1,66E+12;12.09.2022;1INCHBUSD;0.648;0.674;0.633;0.649;618342.6;404422.4039;3659
1,66E+12;11.09.2022;1INCHBUSD;0.656;0.673;0.635;0.649;649973.0;429888.9122;2644
1,66E+12;10.09.2022;1INCHBUSD;0.659;0.682;0.648;0.657;527797.1;349562.5283;2674
1,66E+12;09.09.2022;1INCHBUSD;0.637;0.677;0.637;0.658;762342.4;502985.8822;3162
1,66E+12;08.09.2022;1INCHBUSD;0.632;0.643;0.616;0.639;487591.4;307177.9488;2556
1,66E+12;07.09.2022;1INCHBUSD;0.607;0.635;0.592;0.628;469220.3;288675.7592;2468
1,66E+12;06.09.2022;1INCHBUSD;0.662;0.676;0.6;0.608;1007898.2;646561.7029;4305
1,66E+12;05.09.2022;1INCHBUSD;0.673;0.678;0.648;0.662;212979.9;140587.3927;1154
1,66E+12;04.09.2022;1INCHBUSD;0.689;0.691;0.658;0.672;232714.5;156447.4906;1596
1,66E+12;03.09.2022;1INCHBUSD;0.713;0.713;0.677;0.688;316465.5;218097.9277;1483
1,66E+12;02.09.2022;1INCHBUSD;0.669;0.748;0.662;0.714;3292898.6;2372274.9613;9836
1,66E+12;01.09.2022;1INCHBUSD;0.662;0.671;0.636;0.669;400867.8;262615.3809;1942
1,66E+12;31.08.2022;1INCHBUSD;0.654;0.709;0.653;0.662;404410.6;277162.8321;3091
1,66E+12;30.08.2022;1INCHBUSD;0.671;0.684;0.638;0.653;238673.8;158364.7819;2167
1,66E+12;29.08.2022;1INCHBUSD;0.632;0.676;0.626;0.672;278212.9;182053.5303;1264
1,66E+12;28.08.2022;1INCHBUSD;0.652;0.668;0.63;0.63;207090.2;135220.4009;1540
1,66E+12;27.08.2022;1INCHBUSD;0.661;0.666;0.643;0.652;348965.8;228579.1355;2202
1,66E+12;26.08.2022;1INCHBUSD;0.744;0.747;0.656;0.66;506129.1;358201.2151;3466
1,66E+12;25.08.2022;1INCHBUSD;0.723;0.752;0.723;0.746;416962.8;309047.5156;1860
1,66E+12;24.08.2022;1INCHBUSD;0.725;0.742;0.708;0.721;199617.7;144762.1866;1148
1,66E+12;23.08.2022;1INCHBUSD;0.7;0.73;0.684;0.724;404891.3;288026.3703;3332
1,66E+12;22.08.2022;1INCHBUSD;0.7;0.701;0.658;0.7;286356.6;194491.6448;2223
1,66E+12;21.08.2022;1INCHBUSD;0.676;0.713;0.675;0.701;300012.4;208467.2967;2697
1,66E+12;20.08.2022;1INCHBUSD;0.677;0.701;0.657;0.677;291693.3;199629.8699;1928
1,66E+12;19.08.2022;1INCHBUSD;0.733;0.735;0.65;0.678;759442.7;523307.7602;4717
1,66E+12;18.08.2022;1INCHBUSD;0.773;0.784;0.72;0.732;575293.2;440265.4937;2630
1,66E+12;17.08.2022;1INCHBUSD;0.818;0.843;0.765;0.773;531991.3;429455.7556;3251
1,66E+12;16.08.2022;1INCHBUSD;0.822;0.833;0.808;0.818;361393.3;296202.5408;2271
1,66E+12;15.08.2022;1INCHBUSD;0.839;0.864;0.808;0.819;578600.2;481469.7307;3348
1,66E+12;14.08.2022;1INCHBUSD;0.875;0.895;0.83;0.84;808131.8;695206.4941;3492
1,66E+12;13.08.2022;1INCHBUSD;0.88;0.911;0.871;0.874;789825.8;699749.0333;3224
1,66E+12;12.08.2022;1INCHBUSD;0.865;0.894;0.845;0.88;598915.5;520809.0742;3532
1,66E+12;11.08.2022;1INCHBUSD;0.883;0.896;0.857;0.867;1005922.4;881258.3796;3570
1,66E+12;10.08.2022;1INCHBUSD;0.807;0.907;0.783;0.883;1465075.3;1235542.1846;5564
1,66E+12;09.08.2022;1INCHBUSD;0.838;0.879;0.792;0.808;1188788.8;1002277.1117;4507
1,66E+12;08.08.2022;1INCHBUSD;0.806;0.865;0.806;0.838;988404.3;830208.8858;3643
1,66E+12;07.08.2022;1INCHBUSD;0.809;0.824;0.797;0.806;399342.3;324022.4645;1485
1,66E+12;06.08.2022;1INCHBUSD;0.831;0.846;0.804;0.808;568341.8;469953.0117;1936
1,66E+12;05.08.2022;1INCHBUSD;0.8;0.856;0.8;0.834;1077877.6;895540.9433;4737
1,66E+12;04.08.2022;1INCHBUSD;0.767;0.833;0.767;0.798;872489.4;696007.872;4099
1,66E+12;03.08.2022;1INCHBUSD;0.742;0.814;0.724;0.767;968457.1;753547.5063;4081
1,66E+12;02.08.2022;1INCHBUSD;0.769;0.78;0.717;0.742;913489.6;677752.2672;4490
1,66E+12;01.08.2022;1INCHBUSD;0.761;0.795;0.74;0.771;786662.8;600349.0006;4167
1,66E+12;31.07.2022;1INCHBUSD;0.765;0.828;0.751;0.763;774601.4;612700.7506;4335
1,66E+12;30.07.2022;1INCHBUSD;0.763;0.836;0.755;0.766;1215504.2;966332.6663;5622
1,66E+12;29.07.2022;1INCHBUSD;0.774;0.79;0.74;0.76;914611.3;702892.6399;3326
1,66E+12;28.07.2022;1INCHBUSD;0.696;0.808;0.684;0.774;2127932.2;1594962.646;6285
1,66E+12;27.07.2022;1INCHBUSD;0.636;0.697;0.619;0.694;449892.9;295313.1528;2450
1,66E+12;26.07.2022;1INCHBUSD;0.622;0.636;0.605;0.636;441642.6;271755.4198;2435
1,66E+12;25.07.2022;1INCHBUSD;0.677;0.68;0.623;0.623;585226.0;378560.5843;3354
1,66E+12;24.07.2022;1INCHBUSD;0.681;0.699;0.671;0.675;518447.7;355180.5198;3309
1,66E+12;23.07.2022;1INCHBUSD;0.66;0.702;0.653;0.68;648719.4;439884.0978;2987
1,66E+12;22.07.2022;1INCHBUSD;0.688;0.716;0.656;0.663;905015.7;625999.1496;3255
1,66E+12;21.07.2022;1INCHBUSD;0.678;0.697;0.647;0.688;611134.1;410489.4579;2540
1,66E+12;20.07.2022;1INCHBUSD;0.736;0.75;0.667;0.676;946088.2;676240.3893;3347
1,66E+12;19.07.2022;1INCHBUSD;0.718;0.777;0.711;0.737;947870.9;696779.5086;3852
1,66E+12;18.07.2022;1INCHBUSD;0.645;0.737;0.643;0.717;1367696.7;956538.9282;5121
1,66E+12;17.07.2022;1INCHBUSD;0.668;0.683;0.639;0.645;841448.1;554783.5824;2817
1,66E+12;16.07.2022;1INCHBUSD;0.652;0.674;0.631;0.668;898002.7;585373.2223;2022
1,66E+12;15.07.2022;1INCHBUSD;0.617;0.696;0.604;0.651;2370471.7;1557756.2482;5270
1,66E+12;14.07.2022;1INCHBUSD;0.593;0.646;0.568;0.615;835301.2;503065.1795;2945
1,66E+12;13.07.2022;1INCHBUSD;0.56;0.596;0.541;0.596;470105.1;268610.445;2894
1,66E+12;12.07.2022;1INCHBUSD;0.589;0.596;0.556;0.559;722879.0;419724.0774;2297
1,66E+12;11.07.2022;1INCHBUSD;0.639;0.647;0.585;0.591;564712.2;350325.8265;2163
1,66E+12;10.07.2022;1INCHBUSD;0.696;0.708;0.633;0.638;793978.2;524356.7186;3465
1,66E+12;09.07.2022;1INCHBUSD;0.686;0.714;0.672;0.696;661271.8;453971.0849;2238
1,66E+12;08.07.2022;1INCHBUSD;0.645;0.719;0.641;0.687;1930035.8;1337376.5654;6006
1,66E+12;07.07.2022;1INCHBUSD;0.624;0.654;0.619;0.644;875633.3;558475.6743;2752
1,66E+12;06.07.2022;1INCHBUSD;0.623;0.632;0.61;0.625;545916.1;338991.0815;2093
1,66E+12;05.07.2022;1INCHBUSD;0.635;0.656;0.598;0.623;1210650.7;764141.4904;3064
1,66E+12;04.07.2022;1INCHBUSD;0.627;0.641;0.604;0.637;829206.8;517606.2353;2261
1,66E+12;03.07.2022;1INCHBUSD;0.635;0.64;0.609;0.625;393965.7;246118.6521;1470
1,66E+12;02.07.2022;1INCHBUSD;0.652;0.659;0.621;0.635;535909.4;339988.5834;1304
1,66E+12;01.07.2022;1INCHBUSD;0.692;0.711;0.644;0.653;910414.2;604888.4114;2915
1,66E+12;30.06.2022;1INCHBUSD;0.708;0.75;0.655;0.693;901575.7;626799.8583;4683
1,66E+12;29.06.2022;1INCHBUSD;0.74;0.778;0.694;0.708;1282038.6;946283.4924;4179
1,66E+12;28.06.2022;1INCHBUSD;0.672;0.811;0.641;0.741;5008719.3;3838953.6661;13891
1,66E+12;27.06.2022;1INCHBUSD;0.69;0.723;0.647;0.671;852315.5;574747.374;2951
1,66E+12;26.06.2022;1INCHBUSD;0.731;0.786;0.688;0.693;1024049.5;771486.0745;3143
1,66E+12;25.06.2022;1INCHBUSD;0.755;0.767;0.678;0.73;1011476.6;738631.8161;3647
1,66E+12;24.06.2022;1INCHBUSD;0.714;0.783;0.695;0.753;1360336.9;1000872.2433;4883
1,66E+12;23.06.2022;1INCHBUSD;0.688;0.715;0.666;0.713;663699.9;461735.4419;3012
1,66E+12;22.06.2022;1INCHBUSD;0.69;0.749;0.644;0.687;1513366.4;1043223.8276;6596
1,66E+12;21.06.2022;1INCHBUSD;0.686;0.735;0.657;0.691;1720615.4;1208505.6276;5934
1,66E+12;20.06.2022;1INCHBUSD;0.581;0.725;0.559;0.685;2529431.2;1703573.625;8585
1,66E+12;19.06.2022;1INCHBUSD;0.552;0.585;0.528;0.579;692549.1;382809.3067;2337
1,66E+12;18.06.2022;1INCHBUSD;0.59;0.599;0.514;0.551;811641.4;443444.0707;2829
1,66E+12;17.06.2022;1INCHBUSD;0.574;0.601;0.574;0.59;432121.2;254364.6713;1573
1,66E+12;16.06.2022;1INCHBUSD;0.63;0.637;0.568;0.575;816461.3;495144.2636;2671
1,66E+12;15.06.2022;1INCHBUSD;0.591;0.635;0.536;0.629;1522017.8;866532.3083;5915
1,66E+12;14.06.2022;1INCHBUSD;0.598;0.604;0.551;0.594;1304325.8;761249.9878;3574
1,66E+12;13.06.2022;1INCHBUSD;0.65;0.66;0.564;0.597;1721386.1;1038003.7006;5968
1,65E+12;12.06.2022;1INCHBUSD;0.695;0.718;0.648;0.649;838818.9;567709.7227;4080
1,65E+12;11.06.2022;1INCHBUSD;0.759;0.771;0.689;0.694;897629.4;662237.4982;7122
1,65E+12;10.06.2022;1INCHBUSD;0.802;0.803;0.742;0.759;1196782.1;917284.1344;8591
1,65E+12;09.06.2022;1INCHBUSD;0.816;0.824;0.796;0.801;417852.4;339255.8212;1522
1,65E+12;08.06.2022;1INCHBUSD;0.845;0.851;0.808;0.816;463392.5;385144.2342;2105
1,65E+12;07.06.2022;1INCHBUSD;0.873;0.873;0.818;0.845;1002422.2;842845.4873;3089
1,65E+12;06.06.2022;1INCHBUSD;0.857;0.897;0.856;0.874;656491.2;575699.8801;2385
1,65E+12;05.06.2022;1INCHBUSD;0.868;0.869;0.848;0.858;376796.5;323996.9025;1730
1,65E+12;04.06.2022;1INCHBUSD;0.873;0.881;0.851;0.869;354783.6;306062.787;1688
1,65E+12;03.06.2022;1INCHBUSD;0.932;0.932;0.859;0.872;822029.7;730578.2327;3294
1,65E+12;02.06.2022;1INCHBUSD;0.951;0.953;0.899;0.932;891420.5;818064.1163;3724
1,65E+12;01.06.2022;1INCHBUSD;0.967;0.994;0.939;0.951;619943.6;596704.277;3622
1,65E+12;31.05.2022;1INCHBUSD;1.003;1.014;0.959;0.968;716258.7;702598.9106;3886
1,65E+12;30.05.2022;1INCHBUSD;0.919;1.005;0.91;1.005;597738.2;579106.9094;2964
1,65E+12;29.05.2022;1INCHBUSD;0.916;0.927;0.897;0.919;213696.5;194671.7083;1606
1,65E+12;28.05.2022;1INCHBUSD;0.898;0.926;0.891;0.917;248103.5;226674.1581;1916
1,65E+12;27.05.2022;1INCHBUSD;0.914;0.924;0.884;0.897;345587.9;312719.524;2923
1,65E+12;26.05.2022;1INCHBUSD;0.964;0.979;0.882;0.914;594690.1;547800.7767;3350
1,65E+12;25.05.2022;1INCHBUSD;0.994;1.007;0.952;0.966;398100.9;386611.2617;2769
1,65E+12;24.05.2022;1INCHBUSD;0.952;1.028;0.949;0.993;571907.3;567240.4467;3524
1,65E+12;23.05.2022;1INCHBUSD;0.994;1.053;0.943;0.951;1064111.9;1068354.6704;4606
1,65E+12;22.05.2022;1INCHBUSD;0.962;1.015;0.947;0.996;740942.0;730318.1345;2764
1,65E+12;21.05.2022;1INCHBUSD;0.914;0.97;0.906;0.964;360392.5;337928.5238;1703
1,65E+12;20.05.2022;1INCHBUSD;0.931;0.941;0.905;0.913;623547.7;576016.3827;2519
1,65E+12;19.05.2022;1INCHBUSD;0.907;0.936;0.887;0.931;778194.7;711538.6892;3288
1,65E+12;18.05.2022;1INCHBUSD;0.958;0.968;0.894;0.903;750389.3;689419.4047;3796
1,65E+12;17.05.2022;1INCHBUSD;0.923;0.976;0.915;0.958;772330.8;728309.0428;3542
1,65E+12;16.05.2022;1INCHBUSD;0.977;0.977;0.909;0.922;720904.3;669311.8786;3881
1,65E+12;15.05.2022;1INCHBUSD;0.94;0.984;0.908;0.979;982854.7;922197.8588;5194
1,65E+12;14.05.2022;1INCHBUSD;0.915;0.956;0.891;0.938;1609609.2;1493886.5448;7498
1,65E+12;13.05.2022;1INCHBUSD;0.809;0.95;0.785;0.917;1372021.3;1244629.0146;7482
1,65E+12;12.05.2022;1INCHBUSD;1.007;1.051;0.642;0.806;2492926.72;1997067.58048;17019
1,65E+12;11.05.2022;1INCHBUSD;1.041;1.076;0.915;1.007;2044845.6;2061993.9492;13281
1,65E+12;10.05.2022;1INCHBUSD;1.051;1.137;0.998;1.039;1266481.3;1351431.1315;8460
1,65E+12;09.05.2022;1INCHBUSD;1.302;1.377;1.004;1.013;2028418.7;2523981.096;15187
1,65E+12;08.05.2022;1INCHBUSD;1.303;1.331;1.273;1.304;546104.9;712462.3161;5538
1,65E+12;07.05.2022;1INCHBUSD;1.355;1.358;1.275;01.mar;815772.0;1066089.6435;5357
1,65E+12;06.05.2022;1INCHBUSD;1.285;1.373;1.266;1.354;2300472.6;3043965.0847;13195
1,65E+12;05.05.2022;1INCHBUSD;1.284;1.382;1.241;sty.29;1731317.1;2259321.658;13444
1,65E+12;04.05.2022;1INCHBUSD;1.299;1.289;1.164;1.284;325232.6;395624.8948;3749
1,65E+12;03.05.2022;1INCHBUSD;1.176;1.239;1.155;1.172;455333.1;544903.8177;3550
1,65E+12;02.05.2022;1INCHBUSD;1.159;1.215;1.121;1.175;548104.4;639305.5995;3371
1,65E+12;01.05.2022;1INCHBUSD;1.118;1.177;1.087;1.158;775691.2;879740.4061;5434
1,65E+12;30.04.2022;1INCHBUSD;1.291;1.358;1.071;01.gru;1100212.9;1380131.8377;7879
1,65E+12;29.04.2022;1INCHBUSD;1.303;1.311;1.229;1.256;386749.4;491025.2429;3317
1,65E+12;28.04.2022;1INCHBUSD;1.318;1.352;1.285;1.304;470007.3;618426.6503;4741
1,65E+12;27.04.2022;1INCHBUSD;1.288;1.346;1.269;1.321;271951.2;357972.274;3121
1,65E+12;26.04.2022;1INCHBUSD;1.418;1.424;1.257;1.288;377478.7;505010.224;3405
1,65E+12;25.04.2022;1INCHBUSD;1.418;1.426;1.307;1.417;419867.4;570169.4732;3965
1,65E+12;24.04.2022;1INCHBUSD;1.443;1.461;1.406;1.418;194682.7;279274.771;2972
1,65E+12;23.04.2022;1INCHBUSD;1.474;1.479;1.435;1.443;275281.1;402693.9537;2774
1,65E+12;22.04.2022;1INCHBUSD;1.492;1.612;1.469;1.474;620415.0;960390.8997;6928
1,65E+12;21.04.2022;1INCHBUSD;1.542;1.639;sty.47;1.492;829082.6;1310416.195;7879
1,65E+12;20.04.2022;1INCHBUSD;1.544;sty.59;1.504;1.544;437120.1;675074.0942;4862
1,65E+12;19.04.2022;1INCHBUSD;1.494;1.542;1.477;1.542;230012.1;348841.8082;3340
1,65E+12;18.04.2022;1INCHBUSD;1.461;1.497;1.381;1.494;219614.3;315350.7863;2945
1,65E+12;17.04.2022;1INCHBUSD;1.513;1.523;1.453;1.462;197014.7;294990.0985;2376
1,65E+12;16.04.2022;1INCHBUSD;1.555;1.532;1.484;1.513;129967.4;196086.6274;1926
1,65E+12;15.04.2022;1INCHBUSD;1.516;1.541;1.488;1.518;190831.9;289556.4841;2497
1,65E+12;14.04.2022;1INCHBUSD;1.546;1.569;1.482;1.515;286001.6;437949.0701;3267
1,65E+12;13.04.2022;1INCHBUSD;1.514;1.552;1.489;1.551;201045.7;306781.2655;3113
1,65E+12;12.04.2022;1INCHBUSD;1.461;1.522;1.444;1.515;309822.5;460416.9255;3533
1,65E+12;11.04.2022;1INCHBUSD;1.585;1.603;1.422;1.461;609065.0;915589.6336;6436
1,65E+12;10.04.2022;1INCHBUSD;1.663;1.663;1.584;1.585;272031.5;441593.4683;3671
1,65E+12;09.04.2022;1INCHBUSD;1.578;1.668;1.575;1.668;239193.1;389133.0353;3987
1,65E+12;08.04.2022;1INCHBUSD;1.658;1.685;1.565;1.575;340934.3;557903.4902;5701
1,65E+12;07.04.2022;1INCHBUSD;1.601;1.666;1.572;sty.66;539191.1;876069.5781;6112
1,65E+12;06.04.2022;1INCHBUSD;1.835;sty.84;1.593;1.602;1069426.5;1811732.9674;12458
1,65E+12;05.04.2022;1INCHBUSD;1.901;1.936;sty.83;1.839;739043.8;1396450.127;6578
1,65E+12;04.04.2022;1INCHBUSD;1.981;2.005;1.802;1.901;1122845.2;2132955.8441;10026
1,65E+12;03.04.2022;1INCHBUSD;1.925;02.mar;1.871;1.983;969992.9;1901587.2869;9049
1,65E+12;02.04.2022;1INCHBUSD;1.887;2.099;sty.87;1.921;2648587.7;5243265.5769;23101
1,65E+12;01.04.2022;1INCHBUSD;1.778;sty.89;sty.67;1.885;817867.0;1458262.6004;8931
1,65E+12;31.03.2022;1INCHBUSD;1.785;1.931;1.722;1.776;1096463.4;2016523.161;12042
1,65E+12;30.03.2022;1INCHBUSD;1.792;sty.89;1.703;1.839;876435.4;1595025.2172;10141
1,65E+12;29.03.2022;1INCHBUSD;1.723;1.913;1.722;1.797;993824.9;1814042.1431;10963
1,65E+12;28.03.2022;1INCHBUSD;1.746;1.826;1.707;1.724;1071191.4;1913347.2031;10490
1,65E+12;27.03.2022;1INCHBUSD;1.629;sty.77;1.626;1.746;1639875.6;2787292.929;13902
1,65E+12;26.03.2022;1INCHBUSD;1.572;1.634;1.556;1.626;554737.2;887798.0489;4773
1,65E+12;25.03.2022;1INCHBUSD;1.631;1.657;1.548;1.573;819072.2;1317023.8239;7666
1,65E+12;24.03.2022;1INCHBUSD;1.615;1.638;1.564;sty.63;1065675.8;1710818.0039;8206
1,65E+12;23.03.2022;1INCHBUSD;1.547;1.627;1.523;1.614;969477.4;1539670.6558;7607
1,65E+12;22.03.2022;1INCHBUSD;1.532;1.593;sty.53;1.548;600134.2;939594.9409;5948
1,65E+12;21.03.2022;1INCHBUSD;1.558;1.594;1.513;1.535;510005.7;790656.9846;6588